[
  {
    "description": "BOULANGERIE",
    "date": "2021-11-30T22:19:00",
    "amount": -5.6,
    "category": "FOOD",
    "is_monthly": false,
    "is_paid": true
  },
  {
    "description": "THEATRE",
    "date": "2021-12-01T06:26:00",
    "amount": -30.3,
    "category": "LEISURE",
    "is_monthly": false,
    "is_paid": true
  },
  {
    "description": "AGENCE IMMOBILIERE",
    "date": "2021-12-01T16:00:00",
    "amount": -1500,
    "category": "NECESSITY",
    "is_monthly": false,
    "is_paid": true
  },
  {
    "description": "BOULANGERIE",
    "date": "2021-12-01T22:24:00",
    "amount": -5.73,
    "category": "FOOD",
    "is_monthly": false,
    "is_paid": true
  },
  {
    "description": "MUSEE",
    "date": "2021-12-02T11:06:00",
    "amount": -32.79,
    "category": "LEISURE",
    "is_monthly": false,
    "is_paid": true
  },
  {
    "description": "BOULANGERIE",
    "date": "2021-12-02T22:21:00",
    "amount": -5.27,
    "category": "FOOD",
    "is_monthly": false,
    "is_paid": true
  },
  {
    "description": "STATION ESSENCE",
    "date": "2021-12-03T02:57:00",
    "amount": -77.68,
    "category": "TRANSPORTATION",
    "is_monthly": false,
    "is_paid": true
  },
  {
    "description": "MAGASIN",
    "date": "2021-12-04T04:02:00",
    "amount": -35.11,
    "category": "TRANSPORTATION",
    "is_monthly": false,
    "is_paid": true
  },
  {
    "description": "MAGASIN",
    "date": "2021-12-05T07:05:00",
    "amount": -197.59,
    "category": "TRANSPORTATION",
    "is_monthly": false,
    "is_paid": true
  },
  {
    "description": "STATION ESSENCE",
    "date": "2021-12-05T08:49:00",
    "amount": -43.34,
    "category": "TRANSPORTATION",
    "is_monthly": false,
    "is_paid": true
  },
  {
    "description": "BOULANGERIE",
    "date": "2021-12-05T22:11:00",
    "amount": -2.85,
    "category": "FOOD",
    "is_monthly": false,
    "is_paid": true
  },
  {
    "description": "BOULANGERIE",
    "date": "2021-12-05T22:28:00",
    "amount": -3.96,
    "category": "FOOD",
    "is_monthly": false,
    "is_paid": true
  },
  {
    "description": "BOULANGERIE",
    "date": "2021-12-05T22:32:00",
    "amount": -4.45,
    "category": "FOOD",
    "is_monthly": false,
    "is_paid": true
  },
  {
    "description": "BOULANGERIE",
    "date": "2021-12-06T22:39:00",
    "amount": -2.89,
    "category": "FOOD",
    "is_monthly": false,
    "is_paid": false
  },
  {
    "description": "RESTAURANT",
    "date": "2021-12-07T03:56:00",
    "amount": -39.5,
    "category": "FOOD",
    "is_monthly": false,
    "is_paid": false
  },
  {
    "description": "BOULANGERIE",
    "date": "2021-12-07T22:40:00",
    "amount": -5.48,
    "category": "FOOD",
    "is_monthly": false,
    "is_paid": false
  },
  {
    "description": "SUPERMARCHE",
    "date": "2021-12-08T04:33:00",
    "amount": -185.47,
    "category": "FOOD",
    "is_monthly": false,
    "is_paid": false
  },
  {
    "description": "BOULANGERIE",
    "date": "2021-12-08T22:17:00",
    "amount": -3.4,
    "category": "FOOD",
    "is_monthly": false,
    "is_paid": false
  },
  {
    "description": "RESTAURANT",
    "date": "2021-12-09T02:07:00",
    "amount": -143.49,
    "category": "FOOD",
    "is_monthly": false,
    "is_paid": false
  },
  {
    "description": "BOULANGERIE",
    "date": "2021-12-09T22:14:00",
    "amount": -4.71,
    "category": "FOOD",
    "is_monthly": false,
    "is_paid": false
  },
  {
    "description": "MAGASIN JEUX",
    "date": "2021-12-12T05:30:00",
    "amount": -40.86,
    "category": "TRANSPORTATION",
    "is_monthly": false,
    "is_paid": false
  },
  {
    "description": "BOULANGERIE",
    "date": "2021-12-12T22:23:00",
    "amount": -2.87,
    "category": "FOOD",
    "is_monthly": false,
    "is_paid": false
  },
  {
    "description": "BOULANGERIE",
    "date": "2021-12-12T22:40:00",
    "amount": -4.26,
    "category": "FOOD",
    "is_monthly": false,
    "is_paid": false
  },
  {
    "description": "BOULANGERIE",
    "date": "2021-12-12T22:40:00",
    "amount": -3.69,
    "category": "FOOD",
    "is_monthly": false,
    "is_paid": false
  },
  {
    "description": "MAGASIN",
    "date": "2021-12-13T03:45:00",
    "amount": -18.09,
    "category": "TRANSPORTATION",
    "is_monthly": false,
    "is_paid": false
  },
  {
    "description": "BOULANGERIE",
    "date": "2021-12-13T22:34:00",
    "amount": -4.73,
    "category": "FOOD",
    "is_monthly": false,
    "is_paid": false
  },
  {
    "description": "BOULANGERIE",
    "date": "2021-12-14T22:23:00",
    "amount": -2.94,
    "category": "FOOD",
    "is_monthly": false,
    "is_paid": false
  },
  {
    "description": "BOULANGERIE",
    "date": "2021-12-15T22:38:00",
    "amount": -5.83,
    "category": "FOOD",
    "is_monthly": false,
    "is_paid": false
  },
  {
    "description": "SUPERMARCHE",
    "date": "2021-12-16T08:13:00",
    "amount": -42,
    "category": "FOOD",
    "is_monthly": false,
    "is_paid": false
  },
  {
    "description": "BOULANGERIE",
    "date": "2021-12-16T22:34:00",
    "amount": -5.51,
    "category": "FOOD",
    "is_monthly": false,
    "is_paid": false
  },
  {
    "description": "RESTAURANT",
    "date": "2021-12-17T07:46:00",
    "amount": -41.88,
    "category": "FOOD",
    "is_monthly": false,
    "is_paid": false
  },
  {
    "description": "STATION ESSENCE",
    "date": "2021-12-18T13:36:00",
    "amount": -87.86,
    "category": "TRANSPORTATION",
    "is_monthly": false,
    "is_paid": false
  },
  {
    "description": "ASSURANCE MOTO",
    "date": "2021-12-19T16:00:00",
    "amount": -420,
    "category": "NECESSITY",
    "is_monthly": false,
    "is_paid": false
  },
  {
    "description": "ASSURANCE VOITURE",
    "date": "2021-12-19T16:00:00",
    "amount": -420,
    "category": "NECESSITY",
    "is_monthly": false,
    "is_paid": false
  },
  {
    "description": "BOULANGERIE",
    "date": "2021-12-19T22:15:00",
    "amount": -3.55,
    "category": "FOOD",
    "is_monthly": false,
    "is_paid": false
  },
  {
    "description": "BOULANGERIE",
    "date": "2021-12-19T22:31:00",
    "amount": -3.63,
    "category": "FOOD",
    "is_monthly": false,
    "is_paid": false
  },
  {
    "description": "BOULANGERIE",
    "date": "2021-12-19T22:32:00",
    "amount": -4.6,
    "category": "FOOD",
    "is_monthly": false,
    "is_paid": false
  },
  {
    "description": "MUSEE",
    "date": "2021-12-20T09:57:00",
    "amount": -50.22,
    "category": "LEISURE",
    "is_monthly": false,
    "is_paid": false
  },
  {
    "description": "BOULANGERIE",
    "date": "2021-12-20T22:34:00",
    "amount": -2.94,
    "category": "FOOD",
    "is_monthly": false,
    "is_paid": false
  },
  {
    "description": "MAGASIN ENLIGNE JEUXVIDEOS",
    "date": "2021-12-21T06:22:00",
    "amount": -52.36,
    "category": "TRANSPORTATION",
    "is_monthly": false,
    "is_paid": false
  },
  {
    "description": "TICKET CFF",
    "date": "2021-12-21T07:17:00",
    "amount": -85.03,
    "category": "TRANSPORTATION",
    "is_monthly": false,
    "is_paid": false
  },
  {
    "description": "BOULANGERIE",
    "date": "2021-12-21T22:18:00",
    "amount": -3.98,
    "category": "FOOD",
    "is_monthly": false,
    "is_paid": false
  },
  {
    "description": "BOULANGERIE",
    "date": "2021-12-22T22:30:00",
    "amount": -2.64,
    "category": "FOOD",
    "is_monthly": false,
    "is_paid": false
  },
  {
    "description": "MAGASIN ENLIGNE JEUXVIDEOS",
    "date": "2021-12-23T06:28:00",
    "amount": -42.63,
    "category": "TRANSPORTATION",
    "is_monthly": false,
    "is_paid": false
  },
  {
    "description": "TICKET CFF",
    "date": "2021-12-23T10:45:00",
    "amount": -57.11,
    "category": "TRANSPORTATION",
    "is_monthly": false,
    "is_paid": false
  },
  {
    "description": "BOULANGERIE",
    "date": "2021-12-23T22:10:00",
    "amount": -2.97,
    "category": "FOOD",
    "is_monthly": false,
    "is_paid": false
  },
  {
    "description": "SUPERMARCHE",
    "date": "2021-12-24T03:34:00",
    "amount": -35.2,
    "category": "FOOD",
    "is_monthly": false,
    "is_paid": false
  },
  {
    "description": "MUSEE",
    "date": "2021-12-26T09:12:00",
    "amount": -54.03,
    "category": "LEISURE",
    "is_monthly": false,
    "is_paid": false
  },
  {
    "description": "BOULANGERIE",
    "date": "2021-12-26T22:25:00",
    "amount": -3.13,
    "category": "FOOD",
    "is_monthly": false,
    "is_paid": false
  },
  {
    "description": "BOULANGERIE",
    "date": "2021-12-26T22:34:00",
    "amount": -2.39,
    "category": "FOOD",
    "is_monthly": false,
    "is_paid": false
  },
  {
    "description": "BOULANGERIE",
    "date": "2021-12-26T22:36:00",
    "amount": -3.94,
    "category": "FOOD",
    "is_monthly": false,
    "is_paid": false
  },
  {
    "description": "BOULANGERIE",
    "date": "2021-12-27T22:26:00",
    "amount": -5.42,
    "category": "FOOD",
    "is_monthly": false,
    "is_paid": false
  },
  {
    "description": "BOULANGERIE",
    "date": "2021-12-28T22:36:00",
    "amount": -5.63,
    "category": "FOOD",
    "is_monthly": false,
    "is_paid": false
  },
  {
    "description": "BOULANGERIE",
    "date": "2021-12-29T22:19:00",
    "amount": -2.39,
    "category": "FOOD",
    "is_monthly": false,
    "is_paid": true
  },
  {
    "description": "STATION ESSENCE",
    "date": "2021-12-30T02:29:00",
    "amount": -56.68,
    "category": "TRANSPORTATION",
    "is_monthly": false,
    "is_paid": true
  },
  {
    "description": "ASSURANCE MALADIE",
    "date": "2021-12-30T16:01:00",
    "amount": -412.63,
    "category": "NECESSITY",
    "is_monthly": false,
    "is_paid": true
  },
  {
    "description": "BOULANGERIE",
    "date": "2021-12-30T22:37:00",
    "amount": -2.45,
    "category": "FOOD",
    "is_monthly": false,
    "is_paid": true
  },
  {
    "description": "TELECOM",
    "date": "2021-12-31T02:01:00",
    "amount": -68.23,
    "category": "HOUSING",
    "is_monthly": false,
    "is_paid": true
  },
  {
    "description": "TRAVAIL",
    "date": "2021-12-31T02:32:00",
    "amount": 6000,
    "category": "NECESSITY",
    "is_monthly": false,
    "is_paid": true
  },
  {
    "description": "asdfasdf",
    "date": "2022-01-24T22:00:00",
    "amount": -1500,
    "category": "HOUSING",
    "is_monthly": false,
    "is_paid": true
  },
  {
    "description": "asdfasdf",
    "date": "2022-01-24T23:00:00",
    "amount": -1654,
    "category": "HOUSING",
    "is_monthly": false,
    "is_paid": true
  }
]